{"cameraMode":{"drawMode":0,"name":"Shaded","section":"Shading Mode"},"sceneLighting":true,"audioPlay":false,"sceneViewState":{"m_AlwaysRefresh":false,"showFog":true,"showSkybox":true,"showFlares":true,"showImageEffects":true,"showParticleSystems":true,"showVisualEffectGraphs":true,"m_FxEnabled":true},"in2DMode":false,"pivot":{"x":3.6058523654937746,"y":1.8989872932434083,"z":3.4856956005096437},"rotation":{"x":0.1367489993572235,"y":-0.6501240730285645,"z":0.1227516233921051,"w":0.7375248670578003},"size":1.4185819625854493,"orthographic":false}