{"cameraMode":{"drawMode":0,"name":"Shaded","section":"Shading Mode"},"sceneLighting":false,"audioPlay":false,"sceneViewState":{"m_AlwaysRefresh":false,"showFog":true,"showSkybox":false,"showFlares":true,"showImageEffects":true,"showParticleSystems":true,"showVisualEffectGraphs":true,"m_FxEnabled":true},"in2DMode":false,"pivot":{"x":-7.329029083251953,"y":-0.12334823608398438,"z":0.5476621389389038},"rotation":{"x":0.02441682480275631,"y":-0.9725853800773621,"z":0.15857437252998353,"w":0.16934368014335633},"size":0.8252431154251099,"orthographic":false}